xPos,yPos,d,t,a,
1.200000,0.400000,0.000000,0.000000,driveSetOdometryRoutine,
0.000000,0.000000,0.000000,0.000000,drivePathRoutine,
