{
  "noVisionVelocity" : 1900.0,
  "maxVelocity" : 5000.0,
  "hoodSwitchDistanceThreshold" : 10.0,
  "flywheelGains" : {
    "f": 0.000176,
    "p": 0.000185,
    "i": 0.0000005,
    "d": 0.00009,
    "iZone": 150.0,
    "iMax": 0.0
  }
}
